家族類型,所有,建て方,延床面積,世帯数
0,0,0,0,7
0,0,0,1,22
0,0,0,2,231
0,0,0,3,717
0,0,0,4,966
0,0,0,5,895
0,0,1,0,3
0,0,1,1,3
0,0,1,2,6
0,0,1,3,0
0,0,1,4,2
0,0,1,5,0
0,0,2,0,1
0,0,2,1,126
0,0,2,2,1384
0,0,2,3,1736
0,0,2,4,6
0,0,2,5,37
0,0,3,0,2
0,0,3,1,1
0,0,3,2,0
0,0,3,3,6
0,0,3,4,0
0,0,3,5,0
0,1,0,0,0
0,1,0,1,0
0,1,0,2,0
0,1,0,3,0
0,1,0,4,0
0,1,0,5,0
0,1,1,0,0
0,1,1,1,0
0,1,1,2,0
0,1,1,3,0
0,1,1,4,0
0,1,1,5,0
0,1,2,0,30
0,1,2,1,650
0,1,2,2,1043
0,1,2,3,118
0,1,2,4,0
0,1,2,5,0
0,1,3,0,0
0,1,3,1,0
0,1,3,2,0
0,1,3,3,0
0,1,3,4,0
0,1,3,5,0
0,2,0,0,1
0,2,0,1,23
0,2,0,2,15
0,2,0,3,5
0,2,0,4,13
0,2,0,5,0
0,2,1,0,3
0,2,1,1,12
0,2,1,2,8
0,2,1,3,2
0,2,1,4,4
0,2,1,5,0
0,2,2,0,3266
0,2,2,1,1212
0,2,2,2,0
0,2,2,3,1
0,2,2,4,6
0,2,2,5,2
0,2,3,0,5
0,2,3,1,0
0,2,3,2,0
0,2,3,3,1
0,2,3,4,0
0,2,3,5,0
0,3,0,0,1
0,3,0,1,15
0,3,0,2,1
0,3,0,3,9
0,3,0,4,11
0,3,0,5,5
0,3,1,0,0
0,3,1,1,2
0,3,1,2,0
0,3,1,3,1
0,3,1,4,1
0,3,1,5,0
0,3,2,0,291
0,3,2,1,164
0,3,2,2,23
0,3,2,3,15
0,3,2,4,0
0,3,2,5,0
0,3,3,0,0
0,3,3,1,2
0,3,3,2,0
0,3,3,3,3
0,3,3,4,4
0,3,3,5,0
0,4,0,0,0
0,4,0,1,1
0,4,0,2,0
0,4,0,3,20
0,4,0,4,0
0,4,0,5,0
0,4,1,0,0
0,4,1,1,0
0,4,1,2,0
0,4,1,3,0
0,4,1,4,0
0,4,1,5,0
0,4,2,0,34
0,4,2,1,10
0,4,2,2,1
0,4,2,3,12
0,4,2,4,0
0,4,2,5,0
0,4,3,0,0
0,4,3,1,0
0,4,3,2,0
0,4,3,3,0
0,4,3,4,0
0,4,3,5,0
1,0,0,0,1
1,0,0,1,120
1,0,0,2,442
1,0,0,3,1000
1,0,0,4,1590
1,0,0,5,889
1,0,1,0,1
1,0,1,1,4
1,0,1,2,1
1,0,1,3,15
1,0,1,4,0
1,0,1,5,0
1,0,2,0,176
1,0,2,1,582
1,0,2,2,1718
1,0,2,3,2186
1,0,2,4,255
1,0,2,5,12
1,0,3,0,2
1,0,3,1,1
1,0,3,2,5
1,0,3,3,1
1,0,3,4,3
1,0,3,5,10
1,1,0,0,0
1,1,0,1,0
1,1,0,2,0
1,1,0,3,0
1,1,0,4,0
1,1,0,5,0
1,1,1,0,0
1,1,1,1,0
1,1,1,2,0
1,1,1,3,0
1,1,1,4,0
1,1,1,5,0
1,1,2,0,4
1,1,2,1,690
1,1,2,2,1268
1,1,2,3,39
1,1,2,4,1
1,1,2,5,1
1,1,3,0,0
1,1,3,1,0
1,1,3,2,0
1,1,3,3,0
1,1,3,4,0
1,1,3,5,0
1,2,0,0,3
1,2,0,1,2
1,2,0,2,0
1,2,0,3,3
1,2,0,4,0
1,2,0,5,4
1,2,1,0,2
1,2,1,1,3
1,2,1,2,2
1,2,1,3,4
1,2,1,4,1
1,2,1,5,0
1,2,2,0,3976
1,2,2,1,1771
1,2,2,2,1
1,2,2,3,2
1,2,2,4,6
1,2,2,5,12
1,2,3,0,3
1,2,3,1,0
1,2,3,2,5
1,2,3,3,1
1,2,3,4,1
1,2,3,5,0
1,3,0,0,1
1,3,0,1,6
1,3,0,2,9
1,3,0,3,8
1,3,0,4,7
1,3,0,5,1
1,3,1,0,7
1,3,1,1,2
1,3,1,2,2
1,3,1,3,1
1,3,1,4,0
1,3,1,5,1
1,3,2,0,371
1,3,2,1,344
1,3,2,2,179
1,3,2,3,72
1,3,2,4,32
1,3,2,5,1
1,3,3,0,1
1,3,3,1,7
1,3,3,2,2
1,3,3,3,3
1,3,3,4,0
1,3,3,5,0
1,4,0,0,23
1,4,0,1,2
1,4,0,2,13
1,4,0,3,5
1,4,0,4,0
1,4,0,5,0
1,4,1,0,0
1,4,1,1,1
1,4,1,2,1
1,4,1,3,1
1,4,1,4,0
1,4,1,5,0
1,4,2,0,76
1,4,2,1,26
1,4,2,2,5
1,4,2,3,1
1,4,2,4,0
1,4,2,5,0
1,4,3,0,3
1,4,3,1,0
1,4,3,2,0
1,4,3,3,0
1,4,3,4,0
1,4,3,5,0
10,0,0,0,2
10,0,0,1,0
10,0,0,2,7
10,0,0,3,15
10,0,0,4,0
10,0,0,5,13
10,0,1,0,0
10,0,1,1,1
10,0,1,2,0
10,0,1,3,0
10,0,1,4,7
10,0,1,5,0
10,0,2,0,5
10,0,2,1,6
10,0,2,2,3
10,0,2,3,114
10,0,2,4,18
10,0,2,5,12
10,0,3,0,0
10,0,3,1,0
10,0,3,2,1
10,0,3,3,3
10,0,3,4,1
10,0,3,5,0
10,1,0,0,0
10,1,0,1,0
10,1,0,2,0
10,1,0,3,0
10,1,0,4,0
10,1,0,5,0
10,1,1,0,0
10,1,1,1,0
10,1,1,2,0
10,1,1,3,0
10,1,1,4,0
10,1,1,5,0
10,1,2,0,13
10,1,2,1,2
10,1,2,2,11
10,1,2,3,1
10,1,2,4,1
10,1,2,5,0
10,1,3,0,0
10,1,3,1,0
10,1,3,2,0
10,1,3,3,0
10,1,3,4,0
10,1,3,5,0
10,2,0,0,2
10,2,0,1,2
10,2,0,2,0
10,2,0,3,2
10,2,0,4,6
10,2,0,5,7
10,2,1,0,0
10,2,1,1,3
10,2,1,2,1
10,2,1,3,0
10,2,1,4,5
10,2,1,5,0
10,2,2,0,3
10,2,2,1,0
10,2,2,2,7
10,2,2,3,0
10,2,2,4,1
10,2,2,5,1
10,2,3,0,12
10,2,3,1,8
10,2,3,2,1
10,2,3,3,1
10,2,3,4,1
10,2,3,5,0
10,3,0,0,0
10,3,0,1,0
10,3,0,2,0
10,3,0,3,0
10,3,0,4,1
10,3,0,5,0
10,3,1,0,0
10,3,1,1,0
10,3,1,2,0
10,3,1,3,0
10,3,1,4,0
10,3,1,5,0
10,3,2,0,0
10,3,2,1,0
10,3,2,2,1
10,3,2,3,1
10,3,2,4,0
10,3,2,5,1
10,3,3,0,0
10,3,3,1,0
10,3,3,2,0
10,3,3,3,0
10,3,3,4,0
10,3,3,5,0
10,4,0,0,0
10,4,0,1,0
10,4,0,2,0
10,4,0,3,1
10,4,0,4,0
10,4,0,5,0
10,4,1,0,1
10,4,1,1,0
10,4,1,2,0
10,4,1,3,1
10,4,1,4,0
10,4,1,5,0
10,4,2,0,0
10,4,2,1,0
10,4,2,2,1
10,4,2,3,2
10,4,2,4,0
10,4,2,5,0
10,4,3,0,0
10,4,3,1,0
10,4,3,2,0
10,4,3,3,0
10,4,3,4,0
10,4,3,5,0
11,0,0,0,1
11,0,0,1,7
11,0,0,2,5
11,0,0,3,8
11,0,0,4,0
11,0,0,5,3
11,0,1,0,0
11,0,1,1,0
11,0,1,2,0
11,0,1,3,0
11,0,1,4,0
11,0,1,5,0
11,0,2,0,0
11,0,2,1,0
11,0,2,2,7
11,0,2,3,4
11,0,2,4,1
11,0,2,5,0
11,0,3,0,0
11,0,3,1,2
11,0,3,2,0
11,0,3,3,0
11,0,3,4,0
11,0,3,5,0
11,1,0,0,0
11,1,0,1,0
11,1,0,2,0
11,1,0,3,0
11,1,0,4,0
11,1,0,5,0
11,1,1,0,0
11,1,1,1,0
11,1,1,2,0
11,1,1,3,0
11,1,1,4,0
11,1,1,5,0
11,1,2,0,0
11,1,2,1,0
11,1,2,2,1
11,1,2,3,0
11,1,2,4,1
11,1,2,5,0
11,1,3,0,0
11,1,3,1,0
11,1,3,2,0
11,1,3,3,0
11,1,3,4,0
11,1,3,5,0
11,2,0,0,1
11,2,0,1,1
11,2,0,2,1
11,2,0,3,0
11,2,0,4,0
11,2,0,5,0
11,2,1,0,0
11,2,1,1,0
11,2,1,2,0
11,2,1,3,1
11,2,1,4,0
11,2,1,5,0
11,2,2,0,2
11,2,2,1,0
11,2,2,2,0
11,2,2,3,2
11,2,2,4,2
11,2,2,5,0
11,2,3,0,0
11,2,3,1,0
11,2,3,2,1
11,2,3,3,0
11,2,3,4,0
11,2,3,5,0
11,3,0,0,0
11,3,0,1,0
11,3,0,2,0
11,3,0,3,0
11,3,0,4,0
11,3,0,5,0
11,3,1,0,0
11,3,1,1,0
11,3,1,2,0
11,3,1,3,0
11,3,1,4,0
11,3,1,5,0
11,3,2,0,0
11,3,2,1,0
11,3,2,2,0
11,3,2,3,0
11,3,2,4,0
11,3,2,5,0
11,3,3,0,0
11,3,3,1,0
11,3,3,2,0
11,3,3,3,0
11,3,3,4,0
11,3,3,5,0
11,4,0,0,0
11,4,0,1,0
11,4,0,2,0
11,4,0,3,0
11,4,0,4,0
11,4,0,5,0
11,4,1,0,0
11,4,1,1,0
11,4,1,2,0
11,4,1,3,0
11,4,1,4,0
11,4,1,5,0
11,4,2,0,0
11,4,2,1,0
11,4,2,2,0
11,4,2,3,0
11,4,2,4,0
11,4,2,5,0
11,4,3,0,1
11,4,3,1,0
11,4,3,2,0
11,4,3,3,0
11,4,3,4,0
11,4,3,5,0
12,0,0,0,2
12,0,0,1,3
12,0,0,2,2
12,0,0,3,6
12,0,0,4,2
12,0,0,5,1
12,0,1,0,0
12,0,1,1,2
12,0,1,2,3
12,0,1,3,9
12,0,1,4,4
12,0,1,5,0
12,0,2,0,7
12,0,2,1,3
12,0,2,2,2
12,0,2,3,29
12,0,2,4,2
12,0,2,5,1
12,0,3,0,4
12,0,3,1,1
12,0,3,2,0
12,0,3,3,2
12,0,3,4,2
12,0,3,5,0
12,1,0,0,0
12,1,0,1,0
12,1,0,2,0
12,1,0,3,0
12,1,0,4,0
12,1,0,5,0
12,1,1,0,0
12,1,1,1,0
12,1,1,2,0
12,1,1,3,0
12,1,1,4,0
12,1,1,5,0
12,1,2,0,0
12,1,2,1,2
12,1,2,2,3
12,1,2,3,0
12,1,2,4,0
12,1,2,5,0
12,1,3,0,0
12,1,3,1,0
12,1,3,2,0
12,1,3,3,0
12,1,3,4,0
12,1,3,5,0
12,2,0,0,0
12,2,0,1,0
12,2,0,2,0
12,2,0,3,0
12,2,0,4,0
12,2,0,5,1
12,2,1,0,0
12,2,1,1,0
12,2,1,2,0
12,2,1,3,0
12,2,1,4,0
12,2,1,5,0
12,2,2,0,0
12,2,2,1,0
12,2,2,2,3
12,2,2,3,0
12,2,2,4,0
12,2,2,5,0
12,2,3,0,0
12,2,3,1,0
12,2,3,2,0
12,2,3,3,0
12,2,3,4,0
12,2,3,5,0
12,3,0,0,0
12,3,0,1,0
12,3,0,2,0
12,3,0,3,0
12,3,0,4,0
12,3,0,5,0
12,3,1,0,0
12,3,1,1,0
12,3,1,2,0
12,3,1,3,0
12,3,1,4,0
12,3,1,5,0
12,3,2,0,0
12,3,2,1,0
12,3,2,2,0
12,3,2,3,0
12,3,2,4,0
12,3,2,5,0
12,3,3,0,0
12,3,3,1,0
12,3,3,2,0
12,3,3,3,0
12,3,3,4,0
12,3,3,5,1
12,4,0,0,0
12,4,0,1,0
12,4,0,2,0
12,4,0,3,1
12,4,0,4,0
12,4,0,5,0
12,4,1,0,0
12,4,1,1,0
12,4,1,2,0
12,4,1,3,0
12,4,1,4,0
12,4,1,5,0
12,4,2,0,0
12,4,2,1,0
12,4,2,2,0
12,4,2,3,0
12,4,2,4,0
12,4,2,5,0
12,4,3,0,0
12,4,3,1,0
12,4,3,2,0
12,4,3,3,0
12,4,3,4,0
12,4,3,5,0
13,0,0,0,10
13,0,0,1,9
13,0,0,2,1
13,0,0,3,3
13,0,0,4,1
13,0,0,5,20
13,0,1,0,0
13,0,1,1,0
13,0,1,2,2
13,0,1,3,1
13,0,1,4,0
13,0,1,5,0
13,0,2,0,6
13,0,2,1,10
13,0,2,2,2
13,0,2,3,165
13,0,2,4,1
13,0,2,5,9
13,0,3,0,2
13,0,3,1,1
13,0,3,2,0
13,0,3,3,1
13,0,3,4,1
13,0,3,5,4
13,1,0,0,0
13,1,0,1,0
13,1,0,2,0
13,1,0,3,0
13,1,0,4,0
13,1,0,5,0
13,1,1,0,0
13,1,1,1,0
13,1,1,2,0
13,1,1,3,0
13,1,1,4,0
13,1,1,5,0
13,1,2,0,13
13,1,2,1,3
13,1,2,2,119
13,1,2,3,7
13,1,2,4,2
13,1,2,5,0
13,1,3,0,0
13,1,3,1,0
13,1,3,2,0
13,1,3,3,0
13,1,3,4,0
13,1,3,5,0
13,2,0,0,2
13,2,0,1,0
13,2,0,2,10
13,2,0,3,5
13,2,0,4,0
13,2,0,5,4
13,2,1,0,3
13,2,1,1,9
13,2,1,2,4
13,2,1,3,9
13,2,1,4,0
13,2,1,5,2
13,2,2,0,592
13,2,2,1,7
13,2,2,2,1
13,2,2,3,0
13,2,2,4,2
13,2,2,5,8
13,2,3,0,6
13,2,3,1,2
13,2,3,2,1
13,2,3,3,0
13,2,3,4,1
13,2,3,5,0
13,3,0,0,0
13,3,0,1,0
13,3,0,2,0
13,3,0,3,1
13,3,0,4,0
13,3,0,5,0
13,3,1,0,0
13,3,1,1,0
13,3,1,2,1
13,3,1,3,0
13,3,1,4,0
13,3,1,5,0
13,3,2,0,0
13,3,2,1,0
13,3,2,2,0
13,3,2,3,0
13,3,2,4,0
13,3,2,5,0
13,3,3,0,1
13,3,3,1,0
13,3,3,2,1
13,3,3,3,0
13,3,3,4,1
13,3,3,5,1
13,4,0,0,0
13,4,0,1,1
13,4,0,2,0
13,4,0,3,1
13,4,0,4,0
13,4,0,5,0
13,4,1,0,3
13,4,1,1,3
13,4,1,2,0
13,4,1,3,0
13,4,1,4,0
13,4,1,5,0
13,4,2,0,1
13,4,2,1,2
13,4,2,2,3
13,4,2,3,0
13,4,2,4,0
13,4,2,5,0
13,4,3,0,1
13,4,3,1,0
13,4,3,2,0
13,4,3,3,0
13,4,3,4,0
13,4,3,5,0
14,0,0,0,0
14,0,0,1,8
14,0,0,2,3
14,0,0,3,0
14,0,0,4,7
14,0,0,5,16
14,0,1,0,1
14,0,1,1,0
14,0,1,2,0
14,0,1,3,5
14,0,1,4,8
14,0,1,5,0
14,0,2,0,13
14,0,2,1,10
14,0,2,2,64
14,0,2,3,246
14,0,2,4,1
14,0,2,5,0
14,0,3,0,0
14,0,3,1,0
14,0,3,2,1
14,0,3,3,0
14,0,3,4,6
14,0,3,5,1
14,1,0,0,0
14,1,0,1,0
14,1,0,2,0
14,1,0,3,0
14,1,0,4,0
14,1,0,5,0
14,1,1,0,0
14,1,1,1,0
14,1,1,2,0
14,1,1,3,0
14,1,1,4,0
14,1,1,5,0
14,1,2,0,1
14,1,2,1,25
14,1,2,2,130
14,1,2,3,15
14,1,2,4,0
14,1,2,5,0
14,1,3,0,0
14,1,3,1,0
14,1,3,2,0
14,1,3,3,0
14,1,3,4,0
14,1,3,5,0
14,2,0,0,4
14,2,0,1,1
14,2,0,2,0
14,2,0,3,1
14,2,0,4,5
14,2,0,5,0
14,2,1,0,4
14,2,1,1,3
14,2,1,2,2
14,2,1,3,1
14,2,1,4,2
14,2,1,5,0
14,2,2,0,205
14,2,2,1,7
14,2,2,2,1
14,2,2,3,1
14,2,2,4,3
14,2,2,5,4
14,2,3,0,2
14,2,3,1,4
14,2,3,2,0
14,2,3,3,0
14,2,3,4,0
14,2,3,5,0
14,3,0,0,1
14,3,0,1,0
14,3,0,2,0
14,3,0,3,1
14,3,0,4,1
14,3,0,5,0
14,3,1,0,0
14,3,1,1,0
14,3,1,2,0
14,3,1,3,0
14,3,1,4,0
14,3,1,5,0
14,3,2,0,1
14,3,2,1,0
14,3,2,2,1
14,3,2,3,0
14,3,2,4,0
14,3,2,5,1
14,3,3,0,0
14,3,3,1,0
14,3,3,2,1
14,3,3,3,1
14,3,3,4,0
14,3,3,5,0
14,4,0,0,0
14,4,0,1,0
14,4,0,2,0
14,4,0,3,1
14,4,0,4,0
14,4,0,5,0
14,4,1,0,0
14,4,1,1,1
14,4,1,2,0
14,4,1,3,1
14,4,1,4,0
14,4,1,5,0
14,4,2,0,0
14,4,2,1,1
14,4,2,2,0
14,4,2,3,1
14,4,2,4,0
14,4,2,5,0
14,4,3,0,1
14,4,3,1,0
14,4,3,2,0
14,4,3,3,0
14,4,3,4,0
14,4,3,5,0
15,0,0,0,9
15,0,0,1,0
15,0,0,2,2
15,0,0,3,23
15,0,0,4,0
15,0,0,5,0
15,0,1,0,0
15,0,1,1,5
15,0,1,2,4
15,0,1,3,3
15,0,1,4,0
15,0,1,5,0
15,0,2,0,5
15,0,2,1,2
15,0,2,2,9
15,0,2,3,134
15,0,2,4,3
15,0,2,5,3
15,0,3,0,0
15,0,3,1,0
15,0,3,2,1
15,0,3,3,2
15,0,3,4,1
15,0,3,5,2
15,1,0,0,0
15,1,0,1,0
15,1,0,2,0
15,1,0,3,0
15,1,0,4,0
15,1,0,5,0
15,1,1,0,0
15,1,1,1,0
15,1,1,2,0
15,1,1,3,0
15,1,1,4,0
15,1,1,5,0
15,1,2,0,5
15,1,2,1,4
15,1,2,2,68
15,1,2,3,19
15,1,2,4,2
15,1,2,5,0
15,1,3,0,0
15,1,3,1,0
15,1,3,2,0
15,1,3,3,0
15,1,3,4,0
15,1,3,5,0
15,2,0,0,4
15,2,0,1,9
15,2,0,2,5
15,2,0,3,15
15,2,0,4,1
15,2,0,5,2
15,2,1,0,0
15,2,1,1,2
15,2,1,2,0
15,2,1,3,1
15,2,1,4,6
15,2,1,5,2
15,2,2,0,1128
15,2,2,1,8
15,2,2,2,0
15,2,2,3,3
15,2,2,4,14
15,2,2,5,2
15,2,3,0,0
15,2,3,1,0
15,2,3,2,1
15,2,3,3,2
15,2,3,4,0
15,2,3,5,0
15,3,0,0,2
15,3,0,1,0
15,3,0,2,1
15,3,0,3,4
15,3,0,4,3
15,3,0,5,2
15,3,1,0,1
15,3,1,1,0
15,3,1,2,0
15,3,1,3,0
15,3,1,4,0
15,3,1,5,0
15,3,2,0,2
15,3,2,1,0
15,3,2,2,9
15,3,2,3,9
15,3,2,4,1
15,3,2,5,1
15,3,3,0,0
15,3,3,1,0
15,3,3,2,0
15,3,3,3,0
15,3,3,4,0
15,3,3,5,1
15,4,0,0,0
15,4,0,1,1
15,4,0,2,4
15,4,0,3,3
15,4,0,4,0
15,4,0,5,0
15,4,1,0,3
15,4,1,1,0
15,4,1,2,0
15,4,1,3,0
15,4,1,4,0
15,4,1,5,0
15,4,2,0,3
15,4,2,1,0
15,4,2,2,2
15,4,2,3,0
15,4,2,4,0
15,4,2,5,0
15,4,3,0,0
15,4,3,1,0
15,4,3,2,1
15,4,3,3,0
15,4,3,4,0
15,4,3,5,0
2,0,0,0,5
2,0,0,1,5
2,0,0,2,8
2,0,0,3,8
2,0,0,4,10
2,0,0,5,15
2,0,1,0,2
2,0,1,1,2
2,0,1,2,6
2,0,1,3,3
2,0,1,4,2
2,0,1,5,0
2,0,2,0,0
2,0,2,1,8
2,0,2,2,70
2,0,2,3,182
2,0,2,4,0
2,0,2,5,1
2,0,3,0,0
2,0,3,1,1
2,0,3,2,0
2,0,3,3,0
2,0,3,4,0
2,0,3,5,0
2,1,0,0,0
2,1,0,1,0
2,1,0,2,0
2,1,0,3,0
2,1,0,4,0
2,1,0,5,0
2,1,1,0,0
2,1,1,1,0
2,1,1,2,0
2,1,1,3,0
2,1,1,4,0
2,1,1,5,0
2,1,2,0,3
2,1,2,1,94
2,1,2,2,43
2,1,2,3,16
2,1,2,4,0
2,1,2,5,0
2,1,3,0,0
2,1,3,1,0
2,1,3,2,0
2,1,3,3,0
2,1,3,4,0
2,1,3,5,0
2,2,0,0,4
2,2,0,1,0
2,2,0,2,5
2,2,0,3,1
2,2,0,4,4
2,2,0,5,0
2,2,1,0,9
2,2,1,1,0
2,2,1,2,10
2,2,1,3,3
2,2,1,4,0
2,2,1,5,2
2,2,2,0,248
2,2,2,1,2
2,2,2,2,10
2,2,2,3,6
2,2,2,4,0
2,2,2,5,0
2,2,3,0,0
2,2,3,1,2
2,2,3,2,0
2,2,3,3,0
2,2,3,4,0
2,2,3,5,0
2,3,0,0,0
2,3,0,1,1
2,3,0,2,2
2,3,0,3,1
2,3,0,4,0
2,3,0,5,2
2,3,1,0,0
2,3,1,1,1
2,3,1,2,0
2,3,1,3,0
2,3,1,4,0
2,3,1,5,1
2,3,2,0,0
2,3,2,1,0
2,3,2,2,0
2,3,2,3,18
2,3,2,4,4
2,3,2,5,0
2,3,3,0,0
2,3,3,1,0
2,3,3,2,0
2,3,3,3,0
2,3,3,4,0
2,3,3,5,0
2,4,0,0,0
2,4,0,1,1
2,4,0,2,0
2,4,0,3,3
2,4,0,4,0
2,4,0,5,0
2,4,1,0,0
2,4,1,1,0
2,4,1,2,0
2,4,1,3,0
2,4,1,4,0
2,4,1,5,0
2,4,2,0,0
2,4,2,1,1
2,4,2,2,0
2,4,2,3,3
2,4,2,4,0
2,4,2,5,0
2,4,3,0,0
2,4,3,1,2
2,4,3,2,0
2,4,3,3,0
2,4,3,4,0
2,4,3,5,0
3,0,0,0,27
3,0,0,1,2
3,0,0,2,10
3,0,0,3,173
3,0,0,4,411
3,0,0,5,2
3,0,1,0,2
3,0,1,1,5
3,0,1,2,4
3,0,1,3,2
3,0,1,4,7
3,0,1,5,0
3,0,2,0,0
3,0,2,1,32
3,0,2,2,576
3,0,2,3,1206
3,0,2,4,9
3,0,2,5,3
3,0,3,0,0
3,0,3,1,3
3,0,3,2,0
3,0,3,3,1
3,0,3,4,0
3,0,3,5,3
3,1,0,0,0
3,1,0,1,0
3,1,0,2,0
3,1,0,3,0
3,1,0,4,0
3,1,0,5,0
3,1,1,0,0
3,1,1,1,0
3,1,1,2,0
3,1,1,3,0
3,1,1,4,0
3,1,1,5,0
3,1,2,0,30
3,1,2,1,530
3,1,2,2,939
3,1,2,3,12
3,1,2,4,3
3,1,2,5,0
3,1,3,0,0
3,1,3,1,0
3,1,3,2,0
3,1,3,3,0
3,1,3,4,0
3,1,3,5,0
3,2,0,0,5
3,2,0,1,6
3,2,0,2,0
3,2,0,3,15
3,2,0,4,0
3,2,0,5,3
3,2,1,0,0
3,2,1,1,3
3,2,1,2,2
3,2,1,3,6
3,2,1,4,0
3,2,1,5,0
3,2,2,0,2053
3,2,2,1,260
3,2,2,2,17
3,2,2,3,4
3,2,2,4,5
3,2,2,5,7
3,2,3,0,11
3,2,3,1,5
3,2,3,2,0
3,2,3,3,0
3,2,3,4,0
3,2,3,5,0
3,3,0,0,0
3,3,0,1,3
3,3,0,2,1
3,3,0,3,9
3,3,0,4,4
3,3,0,5,2
3,3,1,0,1
3,3,1,1,0
3,3,1,2,4
3,3,1,3,5
3,3,1,4,1
3,3,1,5,0
3,3,2,0,7
3,3,2,1,6
3,3,2,2,7
3,3,2,3,23
3,3,2,4,0
3,3,2,5,1
3,3,3,0,1
3,3,3,1,5
3,3,3,2,2
3,3,3,3,2
3,3,3,4,0
3,3,3,5,2
3,4,0,0,2
3,4,0,1,4
3,4,0,2,2
3,4,0,3,7
3,4,0,4,0
3,4,0,5,0
3,4,1,0,4
3,4,1,1,2
3,4,1,2,1
3,4,1,3,0
3,4,1,4,0
3,4,1,5,0
3,4,2,0,43
3,4,2,1,17
3,4,2,2,10
3,4,2,3,3
3,4,2,4,0
3,4,2,5,0
3,4,3,0,1
3,4,3,1,0
3,4,3,2,0
3,4,3,3,0
3,4,3,4,0
3,4,3,5,0
4,0,0,0,1
4,0,0,1,0
4,0,0,2,2
4,0,0,3,12
4,0,0,4,8
4,0,0,5,1
4,0,1,0,1
4,0,1,1,0
4,0,1,2,0
4,0,1,3,2
4,0,1,4,2
4,0,1,5,0
4,0,2,0,3
4,0,2,1,10
4,0,2,2,6
4,0,2,3,21
4,0,2,4,6
4,0,2,5,2
4,0,3,0,1
4,0,3,1,0
4,0,3,2,2
4,0,3,3,0
4,0,3,4,1
4,0,3,5,0
4,1,0,0,0
4,1,0,1,0
4,1,0,2,0
4,1,0,3,0
4,1,0,4,0
4,1,0,5,0
4,1,1,0,0
4,1,1,1,1
4,1,1,2,0
4,1,1,3,0
4,1,1,4,0
4,1,1,5,0
4,1,2,0,3
4,1,2,1,1
4,1,2,2,0
4,1,2,3,1
4,1,2,4,0
4,1,2,5,0
4,1,3,0,0
4,1,3,1,0
4,1,3,2,0
4,1,3,3,0
4,1,3,4,0
4,1,3,5,0
4,2,0,0,1
4,2,0,1,1
4,2,0,2,0
4,2,0,3,0
4,2,0,4,0
4,2,0,5,0
4,2,1,0,1
4,2,1,1,0
4,2,1,2,3
4,2,1,3,0
4,2,1,4,0
4,2,1,5,0
4,2,2,0,0
4,2,2,1,0
4,2,2,2,1
4,2,2,3,0
4,2,2,4,2
4,2,2,5,0
4,2,3,0,0
4,2,3,1,0
4,2,3,2,0
4,2,3,3,0
4,2,3,4,0
4,2,3,5,0
4,3,0,0,0
4,3,0,1,0
4,3,0,2,0
4,3,0,3,0
4,3,0,4,0
4,3,0,5,0
4,3,1,0,1
4,3,1,1,0
4,3,1,2,0
4,3,1,3,0
4,3,1,4,0
4,3,1,5,0
4,3,2,0,0
4,3,2,1,0
4,3,2,2,0
4,3,2,3,0
4,3,2,4,0
4,3,2,5,0
4,3,3,0,1
4,3,3,1,0
4,3,3,2,1
4,3,3,3,0
4,3,3,4,0
4,3,3,5,0
4,4,0,0,0
4,4,0,1,0
4,4,0,2,0
4,4,0,3,0
4,4,0,4,0
4,4,0,5,0
4,4,1,0,0
4,4,1,1,0
4,4,1,2,0
4,4,1,3,0
4,4,1,4,0
4,4,1,5,0
4,4,2,0,0
4,4,2,1,0
4,4,2,2,0
4,4,2,3,0
4,4,2,4,0
4,4,2,5,0
4,4,3,0,0
4,4,3,1,0
4,4,3,2,0
4,4,3,3,0
4,4,3,4,0
4,4,3,5,0
5,0,0,0,8
5,0,0,1,11
5,0,0,2,2
5,0,0,3,23
5,0,0,4,0
5,0,0,5,12
5,0,1,0,0
5,0,1,1,4
5,0,1,2,1
5,0,1,3,0
5,0,1,4,5
5,0,1,5,0
5,0,2,0,5
5,0,2,1,8
5,0,2,2,1
5,0,2,3,231
5,0,2,4,15
5,0,2,5,4
5,0,3,0,2
5,0,3,1,1
5,0,3,2,9
5,0,3,3,1
5,0,3,4,4
5,0,3,5,0
5,1,0,0,0
5,1,0,1,0
5,1,0,2,0
5,1,0,3,0
5,1,0,4,0
5,1,0,5,0
5,1,1,0,0
5,1,1,1,0
5,1,1,2,1
5,1,1,3,0
5,1,1,4,0
5,1,1,5,0
5,1,2,0,1
5,1,2,1,11
5,1,2,2,8
5,1,2,3,9
5,1,2,4,2
5,1,2,5,0
5,1,3,0,0
5,1,3,1,0
5,1,3,2,0
5,1,3,3,0
5,1,3,4,0
5,1,3,5,0
5,2,0,0,0
5,2,0,1,0
5,2,0,2,0
5,2,0,3,1
5,2,0,4,1
5,2,0,5,2
5,2,1,0,3
5,2,1,1,2
5,2,1,2,0
5,2,1,3,3
5,2,1,4,1
5,2,1,5,0
5,2,2,0,3
5,2,2,1,5
5,2,2,2,3
5,2,2,3,6
5,2,2,4,2
5,2,2,5,15
5,2,3,0,3
5,2,3,1,0
5,2,3,2,0
5,2,3,3,4
5,2,3,4,0
5,2,3,5,0
5,3,0,0,0
5,3,0,1,0
5,3,0,2,0
5,3,0,3,1
5,3,0,4,0
5,3,0,5,0
5,3,1,0,0
5,3,1,1,0
5,3,1,2,0
5,3,1,3,0
5,3,1,4,0
5,3,1,5,0
5,3,2,0,0
5,3,2,1,1
5,3,2,2,0
5,3,2,3,1
5,3,2,4,0
5,3,2,5,1
5,3,3,0,0
5,3,3,1,0
5,3,3,2,0
5,3,3,3,0
5,3,3,4,0
5,3,3,5,0
5,4,0,0,0
5,4,0,1,0
5,4,0,2,0
5,4,0,3,1
5,4,0,4,0
5,4,0,5,0
5,4,1,0,0
5,4,1,1,0
5,4,1,2,0
5,4,1,3,0
5,4,1,4,0
5,4,1,5,0
5,4,2,0,0
5,4,2,1,1
5,4,2,2,0
5,4,2,3,0
5,4,2,4,0
5,4,2,5,0
5,4,3,0,0
5,4,3,1,0
5,4,3,2,0
5,4,3,3,0
5,4,3,4,0
5,4,3,5,0
6,0,0,0,0
6,0,0,1,4
6,0,0,2,8
6,0,0,3,0
6,0,0,4,18
6,0,0,5,8
6,0,1,0,0
6,0,1,1,0
6,0,1,2,0
6,0,1,3,2
6,0,1,4,1
6,0,1,5,0
6,0,2,0,7
6,0,2,1,5
6,0,2,2,5
6,0,2,3,157
6,0,2,4,1
6,0,2,5,2
6,0,3,0,2
6,0,3,1,0
6,0,3,2,3
6,0,3,3,0
6,0,3,4,2
6,0,3,5,3
6,1,0,0,0
6,1,0,1,0
6,1,0,2,0
6,1,0,3,0
6,1,0,4,0
6,1,0,5,0
6,1,1,0,0
6,1,1,1,0
6,1,1,2,0
6,1,1,3,0
6,1,1,4,0
6,1,1,5,0
6,1,2,0,1
6,1,2,1,0
6,1,2,2,0
6,1,2,3,1
6,1,2,4,0
6,1,2,5,0
6,1,3,0,0
6,1,3,1,0
6,1,3,2,0
6,1,3,3,0
6,1,3,4,0
6,1,3,5,0
6,2,0,0,1
6,2,0,1,1
6,2,0,2,1
6,2,0,3,0
6,2,0,4,0
6,2,0,5,1
6,2,1,0,1
6,2,1,1,0
6,2,1,2,0
6,2,1,3,2
6,2,1,4,1
6,2,1,5,0
6,2,2,0,0
6,2,2,1,2
6,2,2,2,2
6,2,2,3,0
6,2,2,4,0
6,2,2,5,0
6,2,3,0,0
6,2,3,1,0
6,2,3,2,0
6,2,3,3,1
6,2,3,4,0
6,2,3,5,0
6,3,0,0,0
6,3,0,1,0
6,3,0,2,0
6,3,0,3,0
6,3,0,4,0
6,3,0,5,0
6,3,1,0,0
6,3,1,1,0
6,3,1,2,0
6,3,1,3,0
6,3,1,4,0
6,3,1,5,0
6,3,2,0,0
6,3,2,1,0
6,3,2,2,0
6,3,2,3,0
6,3,2,4,0
6,3,2,5,0
6,3,3,0,0
6,3,3,1,0
6,3,3,2,0
6,3,3,3,0
6,3,3,4,0
6,3,3,5,0
6,4,0,0,0
6,4,0,1,0
6,4,0,2,0
6,4,0,3,0
6,4,0,4,0
6,4,0,5,0
6,4,1,0,0
6,4,1,1,0
6,4,1,2,0
6,4,1,3,0
6,4,1,4,0
6,4,1,5,0
6,4,2,0,0
6,4,2,1,0
6,4,2,2,0
6,4,2,3,0
6,4,2,4,0
6,4,2,5,0
6,4,3,0,0
6,4,3,1,0
6,4,3,2,0
6,4,3,3,0
6,4,3,4,0
6,4,3,5,0
7,0,0,0,4
7,0,0,1,5
7,0,0,2,2
7,0,0,3,2
7,0,0,4,0
7,0,0,5,5
7,0,1,0,3
7,0,1,1,0
7,0,1,2,7
7,0,1,3,2
7,0,1,4,1
7,0,1,5,1
7,0,2,0,1
7,0,2,1,3
7,0,2,2,181
7,0,2,3,475
7,0,2,4,4
7,0,2,5,0
7,0,3,0,0
7,0,3,1,0
7,0,3,2,0
7,0,3,3,5
7,0,3,4,1
7,0,3,5,3
7,1,0,0,0
7,1,0,1,0
7,1,0,2,0
7,1,0,3,0
7,1,0,4,0
7,1,0,5,0
7,1,1,0,0
7,1,1,1,0
7,1,1,2,1
7,1,1,3,0
7,1,1,4,0
7,1,1,5,0
7,1,2,0,11
7,1,2,1,7
7,1,2,2,15
7,1,2,3,0
7,1,2,4,0
7,1,2,5,1
7,1,3,0,0
7,1,3,1,0
7,1,3,2,0
7,1,3,3,0
7,1,3,4,0
7,1,3,5,0
7,2,0,0,3
7,2,0,1,4
7,2,0,2,3
7,2,0,3,3
7,2,0,4,1
7,2,0,5,1
7,2,1,0,2
7,2,1,1,4
7,2,1,2,0
7,2,1,3,0
7,2,1,4,0
7,2,1,5,0
7,2,2,0,73
7,2,2,1,3
7,2,2,2,0
7,2,2,3,5
7,2,2,4,0
7,2,2,5,5
7,2,3,0,1
7,2,3,1,2
7,2,3,2,3
7,2,3,3,0
7,2,3,4,0
7,2,3,5,0
7,3,0,0,0
7,3,0,1,3
7,3,0,2,0
7,3,0,3,0
7,3,0,4,0
7,3,0,5,1
7,3,1,0,0
7,3,1,1,0
7,3,1,2,0
7,3,1,3,1
7,3,1,4,0
7,3,1,5,0
7,3,2,0,0
7,3,2,1,1
7,3,2,2,0
7,3,2,3,0
7,3,2,4,0
7,3,2,5,0
7,3,3,0,0
7,3,3,1,0
7,3,3,2,2
7,3,3,3,0
7,3,3,4,0
7,3,3,5,0
7,4,0,0,1
7,4,0,1,0
7,4,0,2,0
7,4,0,3,0
7,4,0,4,0
7,4,0,5,0
7,4,1,0,0
7,4,1,1,0
7,4,1,2,0
7,4,1,3,0
7,4,1,4,0
7,4,1,5,0
7,4,2,0,0
7,4,2,1,0
7,4,2,2,0
7,4,2,3,0
7,4,2,4,0
7,4,2,5,0
7,4,3,0,0
7,4,3,1,1
7,4,3,2,0
7,4,3,3,0
7,4,3,4,0
7,4,3,5,0
8,0,0,0,27
8,0,0,1,159
8,0,0,2,295
8,0,0,3,1089
8,0,0,4,1386
8,0,0,5,1070
8,0,1,0,0
8,0,1,1,0
8,0,1,2,0
8,0,1,3,0
8,0,1,4,15
8,0,1,5,0
8,0,2,0,8
8,0,2,1,262
8,0,2,2,1512
8,0,2,3,2057
8,0,2,4,253
8,0,2,5,10
8,0,3,0,0
8,0,3,1,2
8,0,3,2,5
8,0,3,3,8
8,0,3,4,0
8,0,3,5,0
8,1,0,0,0
8,1,0,1,0
8,1,0,2,0
8,1,0,3,0
8,1,0,4,0
8,1,0,5,0
8,1,1,0,0
8,1,1,1,0
8,1,1,2,0
8,1,1,3,0
8,1,1,4,0
8,1,1,5,0
8,1,2,0,485
8,1,2,1,1804
8,1,2,2,2277
8,1,2,3,795
8,1,2,4,2
8,1,2,5,0
8,1,3,0,0
8,1,3,1,0
8,1,3,2,0
8,1,3,3,0
8,1,3,4,0
8,1,3,5,0
8,2,0,0,84
8,2,0,1,395
8,2,0,2,298
8,2,0,3,283
8,2,0,4,144
8,2,0,5,17
8,2,1,0,277
8,2,1,1,295
8,2,1,2,124
8,2,1,3,41
8,2,1,4,0
8,2,1,5,0
8,2,2,0,21031
8,2,2,1,18013
8,2,2,2,12811
8,2,2,3,5657
8,2,2,4,337
8,2,2,5,14
8,2,3,0,1
8,2,3,1,15
8,2,3,2,1
8,2,3,3,1
8,2,3,4,0
8,2,3,5,0
8,3,0,0,0
8,3,0,1,2
8,3,0,2,7
8,3,0,3,10
8,3,0,4,3
8,3,0,5,12
8,3,1,0,0
8,3,1,1,0
8,3,1,2,0
8,3,1,3,0
8,3,1,4,0
8,3,1,5,0
8,3,2,0,949
8,3,2,1,853
8,3,2,2,803
8,3,2,3,575
8,3,2,4,3
8,3,2,5,5
8,3,3,0,6
8,3,3,1,0
8,3,3,2,2
8,3,3,3,1
8,3,3,4,0
8,3,3,5,0
8,4,0,0,59
8,4,0,1,64
8,4,0,2,71
8,4,0,3,5
8,4,0,4,0
8,4,0,5,0
8,4,1,0,11
8,4,1,1,3
8,4,1,2,0
8,4,1,3,0
8,4,1,4,0
8,4,1,5,0
8,4,2,0,253
8,4,2,1,137
8,4,2,2,84
8,4,2,3,60
8,4,2,4,0
8,4,2,5,0
8,4,3,0,4
8,4,3,1,0
8,4,3,2,0
8,4,3,3,1
8,4,3,4,0
8,4,3,5,0
9,0,0,0,2
9,0,0,1,7
9,0,0,2,6
9,0,0,3,2
9,0,0,4,8
9,0,0,5,6
9,0,1,0,0
9,0,1,1,11
9,0,1,2,0
9,0,1,3,6
9,0,1,4,2
9,0,1,5,0
9,0,2,0,1
9,0,2,1,6
9,0,2,2,5
9,0,2,3,25
9,0,2,4,0
9,0,2,5,8
9,0,3,0,0
9,0,3,1,1
9,0,3,2,1
9,0,3,3,0
9,0,3,4,5
9,0,3,5,1
9,1,0,0,0
9,1,0,1,0
9,1,0,2,0
9,1,0,3,0
9,1,0,4,0
9,1,0,5,0
9,1,1,0,0
9,1,1,1,0
9,1,1,2,0
9,1,1,3,0
9,1,1,4,0
9,1,1,5,0
9,1,2,0,1
9,1,2,1,8
9,1,2,2,8
9,1,2,3,4
9,1,2,4,1
9,1,2,5,0
9,1,3,0,0
9,1,3,1,0
9,1,3,2,0
9,1,3,3,0
9,1,3,4,0
9,1,3,5,0
9,2,0,0,1
9,2,0,1,1
9,2,0,2,0
9,2,0,3,2
9,2,0,4,0
9,2,0,5,1
9,2,1,0,1
9,2,1,1,1
9,2,1,2,2
9,2,1,3,0
9,2,1,4,3
9,2,1,5,0
9,2,2,0,2
9,2,2,1,0
9,2,2,2,0
9,2,2,3,1
9,2,2,4,1
9,2,2,5,7
9,2,3,0,3
9,2,3,1,1
9,2,3,2,0
9,2,3,3,0
9,2,3,4,2
9,2,3,5,0
9,3,0,0,0
9,3,0,1,0
9,3,0,2,0
9,3,0,3,0
9,3,0,4,0
9,3,0,5,0
9,3,1,0,0
9,3,1,1,0
9,3,1,2,0
9,3,1,3,0
9,3,1,4,0
9,3,1,5,0
9,3,2,0,0
9,3,2,1,0
9,3,2,2,1
9,3,2,3,0
9,3,2,4,0
9,3,2,5,0
9,3,3,0,1
9,3,3,1,0
9,3,3,2,0
9,3,3,3,0
9,3,3,4,0
9,3,3,5,0
9,4,0,0,1
9,4,0,1,0
9,4,0,2,0
9,4,0,3,0
9,4,0,4,0
9,4,0,5,0
9,4,1,0,1
9,4,1,1,0
9,4,1,2,0
9,4,1,3,0
9,4,1,4,0
9,4,1,5,0
9,4,2,0,0
9,4,2,1,0
9,4,2,2,0
9,4,2,3,0
9,4,2,4,0
9,4,2,5,0
9,4,3,0,0
9,4,3,1,0
9,4,3,2,0
9,4,3,3,0
9,4,3,4,0
9,4,3,5,0
