家族類型,所有,建て方,面積,人数
0,0,0,0,13
0,0,0,1,28
0,0,0,2,0
0,0,0,3,1667
0,0,0,4,2558
0,0,0,5,1960
0,0,1,0,1
0,0,1,1,0
0,0,1,2,3
0,0,1,3,9
0,0,1,4,37
0,0,1,5,0
0,0,2,0,53
0,0,2,1,17
0,0,2,2,2379
0,0,2,3,3554
0,0,2,4,4
0,0,2,5,2
0,0,3,0,0
0,0,3,1,0
0,0,3,2,0
0,0,3,3,6
0,0,3,4,3
0,0,3,5,8
0,1,0,0,0
0,1,0,1,0
0,1,0,2,0
0,1,0,3,0
0,1,0,4,0
0,1,0,5,0
0,1,1,0,0
0,1,1,1,0
0,1,1,2,0
0,1,1,3,0
0,1,1,4,0
0,1,1,5,0
0,1,2,0,149
0,1,2,1,1342
0,1,2,2,2168
0,1,2,3,21
0,1,2,4,2
0,1,2,5,0
0,1,3,0,0
0,1,3,1,0
0,1,3,2,0
0,1,3,3,0
0,1,3,4,0
0,1,3,5,0
0,2,0,0,0
0,2,0,1,23
0,2,0,2,13
0,2,0,3,2
0,2,0,4,3
0,2,0,5,9
0,2,1,0,5
0,2,1,1,10
0,2,1,2,10
0,2,1,3,6
0,2,1,4,1
0,2,1,5,0
0,2,2,0,4026
0,2,2,1,2969
0,2,2,2,2056
0,2,2,3,4
0,2,2,4,3
0,2,2,5,2
0,2,3,0,7
0,2,3,1,7
0,2,3,2,2
0,2,3,3,0
0,2,3,4,0
0,2,3,5,0
0,3,0,0,1
0,3,0,1,1
0,3,0,2,2
0,3,0,3,10
0,3,0,4,9
0,3,0,5,27
0,3,1,0,0
0,3,1,1,0
0,3,1,2,1
0,3,1,3,1
0,3,1,4,1
0,3,1,5,1
0,3,2,0,166
0,3,2,1,274
0,3,2,2,453
0,3,2,3,130
0,3,2,4,3
0,3,2,5,0
0,3,3,0,0
0,3,3,1,3
0,3,3,2,6
0,3,3,3,5
0,3,3,4,0
0,3,3,5,2
0,4,0,0,9
0,4,0,1,37
0,4,0,2,17
0,4,0,3,2
0,4,0,4,0
0,4,0,5,0
0,4,1,0,2
0,4,1,1,2
0,4,1,2,0
0,4,1,3,1
0,4,1,4,0
0,4,1,5,0
0,4,2,0,42
0,4,2,1,17
0,4,2,2,8
0,4,2,3,16
0,4,2,4,0
0,4,2,5,0
0,4,3,0,1
0,4,3,1,0
0,4,3,2,2
0,4,3,3,0
0,4,3,4,0
0,4,3,5,0
1,0,0,0,9
1,0,0,1,268
1,0,0,2,1775
1,0,0,3,4504
1,0,0,4,5584
1,0,0,5,4733
1,0,1,0,4
1,0,1,1,22
1,0,1,2,3
1,0,1,3,2
1,0,1,4,17
1,0,1,5,1
1,0,2,0,201
1,0,2,1,1560
1,0,2,2,5482
1,0,2,3,7038
1,0,2,4,1347
1,0,2,5,172
1,0,3,0,3
1,0,3,1,0
1,0,3,2,8
1,0,3,3,40
1,0,3,4,4
1,0,3,5,3
1,1,0,0,0
1,1,0,1,0
1,1,0,2,0
1,1,0,3,0
1,1,0,4,0
1,1,0,5,0
1,1,1,0,0
1,1,1,1,0
1,1,1,2,0
1,1,1,3,0
1,1,1,4,0
1,1,1,5,0
1,1,2,0,514
1,1,2,1,2222
1,1,2,2,3417
1,1,2,3,1199
1,1,2,4,0
1,1,2,5,0
1,1,3,0,0
1,1,3,1,0
1,1,3,2,0
1,1,3,3,0
1,1,3,4,0
1,1,3,5,0
1,2,0,0,0
1,2,0,1,1
1,2,0,2,4
1,2,0,3,12
1,2,0,4,9
1,2,0,5,1
1,2,1,0,0
1,2,1,1,9
1,2,1,2,2
1,2,1,3,32
1,2,1,4,11
1,2,1,5,1
1,2,2,0,7557
1,2,2,1,6645
1,2,2,2,5255
1,2,2,3,1055
1,2,2,4,1
1,2,2,5,7
1,2,3,0,12
1,2,3,1,2
1,2,3,2,1
1,2,3,3,0
1,2,3,4,2
1,2,3,5,1
1,3,0,0,0
1,3,0,1,3
1,3,0,2,7
1,3,0,3,73
1,3,0,4,26
1,3,0,5,8
1,3,1,0,1
1,3,1,1,0
1,3,1,2,0
1,3,1,3,6
1,3,1,4,3
1,3,1,5,1
1,3,2,0,939
1,3,2,1,670
1,3,2,2,1086
1,3,2,3,1020
1,3,2,4,38
1,3,2,5,1
1,3,3,0,11
1,3,3,1,2
1,3,3,2,0
1,3,3,3,4
1,3,3,4,0
1,3,3,5,0
1,4,0,0,42
1,4,0,1,40
1,4,0,2,100
1,4,0,3,19
1,4,0,4,0
1,4,0,5,0
1,4,1,0,12
1,4,1,1,1
1,4,1,2,0
1,4,1,3,2
1,4,1,4,0
1,4,1,5,0
1,4,2,0,197
1,4,2,1,72
1,4,2,2,97
1,4,2,3,20
1,4,2,4,0
1,4,2,5,0
1,4,3,0,2
1,4,3,1,0
1,4,3,2,0
1,4,3,3,0
1,4,3,4,0
1,4,3,5,0
10,0,0,0,3
10,0,0,1,5
10,0,0,2,8
10,0,0,3,18
10,0,0,4,0
10,0,0,5,3
10,0,1,0,0
10,0,1,1,0
10,0,1,2,2
10,0,1,3,4
10,0,1,4,17
10,0,1,5,0
10,0,2,0,16
10,0,2,1,3
10,0,2,2,6
10,0,2,3,875
10,0,2,4,1
10,0,2,5,0
10,0,3,0,0
10,0,3,1,0
10,0,3,2,0
10,0,3,3,1
10,0,3,4,3
10,0,3,5,1
10,1,0,0,0
10,1,0,1,0
10,1,0,2,0
10,1,0,3,0
10,1,0,4,0
10,1,0,5,0
10,1,1,0,0
10,1,1,1,0
10,1,1,2,0
10,1,1,3,0
10,1,1,4,0
10,1,1,5,0
10,1,2,0,8
10,1,2,1,60
10,1,2,2,13
10,1,2,3,48
10,1,2,4,1
10,1,2,5,0
10,1,3,0,0
10,1,3,1,0
10,1,3,2,0
10,1,3,3,0
10,1,3,4,0
10,1,3,5,0
10,2,0,0,5
10,2,0,1,5
10,2,0,2,18
10,2,0,3,0
10,2,0,4,4
10,2,0,5,0
10,2,1,0,7
10,2,1,1,8
10,2,1,2,3
10,2,1,3,0
10,2,1,4,0
10,2,1,5,1
10,2,2,0,176
10,2,2,1,1
10,2,2,2,26
10,2,2,3,0
10,2,2,4,11
10,2,2,5,2
10,2,3,0,3
10,2,3,1,2
10,2,3,2,2
10,2,3,3,8
10,2,3,4,1
10,2,3,5,0
10,3,0,0,0
10,3,0,1,1
10,3,0,2,1
10,3,0,3,3
10,3,0,4,0
10,3,0,5,1
10,3,1,0,1
10,3,1,1,0
10,3,1,2,2
10,3,1,3,0
10,3,1,4,1
10,3,1,5,0
10,3,2,0,0
10,3,2,1,0
10,3,2,2,2
10,3,2,3,0
10,3,2,4,0
10,3,2,5,0
10,3,3,0,2
10,3,3,1,0
10,3,3,2,1
10,3,3,3,1
10,3,3,4,1
10,3,3,5,0
10,4,0,0,1
10,4,0,1,1
10,4,0,2,2
10,4,0,3,2
10,4,0,4,0
10,4,0,5,0
10,4,1,0,1
10,4,1,1,3
10,4,1,2,0
10,4,1,3,0
10,4,1,4,0
10,4,1,5,0
10,4,2,0,0
10,4,2,1,2
10,4,2,2,3
10,4,2,3,11
10,4,2,4,0
10,4,2,5,0
10,4,3,0,4
10,4,3,1,1
10,4,3,2,0
10,4,3,3,1
10,4,3,4,0
10,4,3,5,0
11,0,0,0,1
11,0,0,1,19
11,0,0,2,8
11,0,0,3,4
11,0,0,4,31
11,0,0,5,37
11,0,1,0,1
11,0,1,1,3
11,0,1,2,6
11,0,1,3,6
11,0,1,4,4
11,0,1,5,0
11,0,2,0,4
11,0,2,1,5
11,0,2,2,4
11,0,2,3,4
11,0,2,4,16
11,0,2,5,1
11,0,3,0,2
11,0,3,1,0
11,0,3,2,5
11,0,3,3,10
11,0,3,4,7
11,0,3,5,6
11,1,0,0,0
11,1,0,1,0
11,1,0,2,0
11,1,0,3,0
11,1,0,4,0
11,1,0,5,0
11,1,1,0,0
11,1,1,1,0
11,1,1,2,0
11,1,1,3,0
11,1,1,4,0
11,1,1,5,0
11,1,2,0,2
11,1,2,1,0
11,1,2,2,3
11,1,2,3,2
11,1,2,4,2
11,1,2,5,0
11,1,3,0,0
11,1,3,1,0
11,1,3,2,0
11,1,3,3,0
11,1,3,4,0
11,1,3,5,0
11,2,0,0,3
11,2,0,1,3
11,2,0,2,0
11,2,0,3,1
11,2,0,4,1
11,2,0,5,1
11,2,1,0,4
11,2,1,1,1
11,2,1,2,2
11,2,1,3,0
11,2,1,4,7
11,2,1,5,2
11,2,2,0,3
11,2,2,1,3
11,2,2,2,1
11,2,2,3,1
11,2,2,4,3
11,2,2,5,0
11,2,3,0,0
11,2,3,1,0
11,2,3,2,4
11,2,3,3,3
11,2,3,4,1
11,2,3,5,2
11,3,0,0,0
11,3,0,1,0
11,3,0,2,0
11,3,0,3,0
11,3,0,4,0
11,3,0,5,0
11,3,1,0,0
11,3,1,1,0
11,3,1,2,0
11,3,1,3,0
11,3,1,4,0
11,3,1,5,0
11,3,2,0,0
11,3,2,1,0
11,3,2,2,0
11,3,2,3,0
11,3,2,4,0
11,3,2,5,0
11,3,3,0,0
11,3,3,1,0
11,3,3,2,0
11,3,3,3,0
11,3,3,4,0
11,3,3,5,0
11,4,0,0,0
11,4,0,1,1
11,4,0,2,0
11,4,0,3,1
11,4,0,4,0
11,4,0,5,0
11,4,1,0,0
11,4,1,1,0
11,4,1,2,0
11,4,1,3,0
11,4,1,4,0
11,4,1,5,0
11,4,2,0,0
11,4,2,1,0
11,4,2,2,1
11,4,2,3,0
11,4,2,4,0
11,4,2,5,0
11,4,3,0,1
11,4,3,1,0
11,4,3,2,0
11,4,3,3,0
11,4,3,4,0
11,4,3,5,0
12,0,0,0,6
12,0,0,1,4
12,0,0,2,0
12,0,0,3,0
12,0,0,4,0
12,0,0,5,41
12,0,1,0,0
12,0,1,1,4
12,0,1,2,4
12,0,1,3,5
12,0,1,4,6
12,0,1,5,0
12,0,2,0,29
12,0,2,1,14
12,0,2,2,16
12,0,2,3,425
12,0,2,4,13
12,0,2,5,3
12,0,3,0,2
12,0,3,1,2
12,0,3,2,1
12,0,3,3,3
12,0,3,4,6
12,0,3,5,2
12,1,0,0,0
12,1,0,1,0
12,1,0,2,0
12,1,0,3,0
12,1,0,4,0
12,1,0,5,0
12,1,1,0,0
12,1,1,1,0
12,1,1,2,0
12,1,1,3,0
12,1,1,4,0
12,1,1,5,0
12,1,2,0,17
12,1,2,1,2
12,1,2,2,3
12,1,2,3,6
12,1,2,4,6
12,1,2,5,0
12,1,3,0,0
12,1,3,1,0
12,1,3,2,0
12,1,3,3,0
12,1,3,4,0
12,1,3,5,0
12,2,0,0,1
12,2,0,1,3
12,2,0,2,0
12,2,0,3,1
12,2,0,4,1
12,2,0,5,6
12,2,1,0,0
12,2,1,1,0
12,2,1,2,2
12,2,1,3,0
12,2,1,4,0
12,2,1,5,0
12,2,2,0,5
12,2,2,1,0
12,2,2,2,2
12,2,2,3,2
12,2,2,4,1
12,2,2,5,0
12,2,3,0,1
12,2,3,1,0
12,2,3,2,0
12,2,3,3,3
12,2,3,4,0
12,2,3,5,0
12,3,0,0,0
12,3,0,1,0
12,3,0,2,0
12,3,0,3,0
12,3,0,4,0
12,3,0,5,0
12,3,1,0,0
12,3,1,1,0
12,3,1,2,3
12,3,1,3,0
12,3,1,4,0
12,3,1,5,0
12,3,2,0,1
12,3,2,1,0
12,3,2,2,0
12,3,2,3,0
12,3,2,4,2
12,3,2,5,0
12,3,3,0,0
12,3,3,1,0
12,3,3,2,1
12,3,3,3,0
12,3,3,4,0
12,3,3,5,0
12,4,0,0,0
12,4,0,1,1
12,4,0,2,2
12,4,0,3,0
12,4,0,4,0
12,4,0,5,0
12,4,1,0,0
12,4,1,1,0
12,4,1,2,0
12,4,1,3,0
12,4,1,4,0
12,4,1,5,0
12,4,2,0,1
12,4,2,1,2
12,4,2,2,1
12,4,2,3,0
12,4,2,4,0
12,4,2,5,0
12,4,3,0,0
12,4,3,1,0
12,4,3,2,0
12,4,3,3,0
12,4,3,4,0
12,4,3,5,0
13,0,0,0,23
13,0,0,1,1
13,0,0,2,16
13,0,0,3,35
13,0,0,4,15
13,0,0,5,35
13,0,1,0,0
13,0,1,1,0
13,0,1,2,3
13,0,1,3,5
13,0,1,4,1
13,0,1,5,0
13,0,2,0,5
13,0,2,1,1
13,0,2,2,8
13,0,2,3,346
13,0,2,4,1
13,0,2,5,3
13,0,3,0,2
13,0,3,1,8
13,0,3,2,1
13,0,3,3,1
13,0,3,4,1
13,0,3,5,7
13,1,0,0,0
13,1,0,1,0
13,1,0,2,0
13,1,0,3,0
13,1,0,4,0
13,1,0,5,0
13,1,1,0,0
13,1,1,1,0
13,1,1,2,0
13,1,1,3,0
13,1,1,4,0
13,1,1,5,0
13,1,2,0,18
13,1,2,1,33
13,1,2,2,150
13,1,2,3,101
13,1,2,4,2
13,1,2,5,0
13,1,3,0,0
13,1,3,1,0
13,1,3,2,0
13,1,3,3,0
13,1,3,4,0
13,1,3,5,0
13,2,0,0,1
13,2,0,1,11
13,2,0,2,2
13,2,0,3,3
13,2,0,4,0
13,2,0,5,9
13,2,1,0,4
13,2,1,1,8
13,2,1,2,3
13,2,1,3,0
13,2,1,4,0
13,2,1,5,0
13,2,2,0,963
13,2,2,1,321
13,2,2,2,28
13,2,2,3,13
13,2,2,4,1
13,2,2,5,1
13,2,3,0,2
13,2,3,1,3
13,2,3,2,0
13,2,3,3,1
13,2,3,4,0
13,2,3,5,1
13,3,0,0,0
13,3,0,1,0
13,3,0,2,0
13,3,0,3,0
13,3,0,4,1
13,3,0,5,0
13,3,1,0,0
13,3,1,1,1
13,3,1,2,1
13,3,1,3,0
13,3,1,4,1
13,3,1,5,1
13,3,2,0,4
13,3,2,1,0
13,3,2,2,2
13,3,2,3,0
13,3,2,4,1
13,3,2,5,0
13,3,3,0,0
13,3,3,1,0
13,3,3,2,0
13,3,3,3,0
13,3,3,4,0
13,3,3,5,0
13,4,0,0,1
13,4,0,1,5
13,4,0,2,2
13,4,0,3,1
13,4,0,4,0
13,4,0,5,0
13,4,1,0,3
13,4,1,1,0
13,4,1,2,0
13,4,1,3,2
13,4,1,4,0
13,4,1,5,0
13,4,2,0,0
13,4,2,1,11
13,4,2,2,2
13,4,2,3,4
13,4,2,4,0
13,4,2,5,0
13,4,3,0,0
13,4,3,1,0
13,4,3,2,0
13,4,3,3,0
13,4,3,4,0
13,4,3,5,0
14,0,0,0,3
14,0,0,1,8
14,0,0,2,38
14,0,0,3,13
14,0,0,4,11
14,0,0,5,33
14,0,1,0,0
14,0,1,1,1
14,0,1,2,4
14,0,1,3,3
14,0,1,4,19
14,0,1,5,0
14,0,2,0,5
14,0,2,1,9
14,0,2,2,5
14,0,2,3,1077
14,0,2,4,10
14,0,2,5,11
14,0,3,0,5
14,0,3,1,0
14,0,3,2,6
14,0,3,3,1
14,0,3,4,8
14,0,3,5,14
14,1,0,0,0
14,1,0,1,0
14,1,0,2,0
14,1,0,3,0
14,1,0,4,0
14,1,0,5,0
14,1,1,0,0
14,1,1,1,0
14,1,1,2,0
14,1,1,3,0
14,1,1,4,0
14,1,1,5,0
14,1,2,0,0
14,1,2,1,53
14,1,2,2,497
14,1,2,3,1
14,1,2,4,5
14,1,2,5,0
14,1,3,0,0
14,1,3,1,0
14,1,3,2,0
14,1,3,3,0
14,1,3,4,0
14,1,3,5,0
14,2,0,0,17
14,2,0,1,6
14,2,0,2,1
14,2,0,3,15
14,2,0,4,0
14,2,0,5,17
14,2,1,0,0
14,2,1,1,2
14,2,1,2,2
14,2,1,3,3
14,2,1,4,6
14,2,1,5,1
14,2,2,0,520
14,2,2,1,151
14,2,2,2,9
14,2,2,3,12
14,2,2,4,1
14,2,2,5,0
14,2,3,0,6
14,2,3,1,2
14,2,3,2,4
14,2,3,3,1
14,2,3,4,1
14,2,3,5,0
14,3,0,0,2
14,3,0,1,1
14,3,0,2,0
14,3,0,3,0
14,3,0,4,0
14,3,0,5,0
14,3,1,0,2
14,3,1,1,2
14,3,1,2,0
14,3,1,3,0
14,3,1,4,0
14,3,1,5,0
14,3,2,0,4
14,3,2,1,2
14,3,2,2,3
14,3,2,3,0
14,3,2,4,0
14,3,2,5,6
14,3,3,0,0
14,3,3,1,1
14,3,3,2,0
14,3,3,3,0
14,3,3,4,1
14,3,3,5,0
14,4,0,0,4
14,4,0,1,0
14,4,0,2,4
14,4,0,3,2
14,4,0,4,0
14,4,0,5,0
14,4,1,0,1
14,4,1,1,4
14,4,1,2,1
14,4,1,3,1
14,4,1,4,0
14,4,1,5,0
14,4,2,0,0
14,4,2,1,1
14,4,2,2,1
14,4,2,3,1
14,4,2,4,0
14,4,2,5,0
14,4,3,0,0
14,4,3,1,0
14,4,3,2,0
14,4,3,3,0
14,4,3,4,0
14,4,3,5,0
15,0,0,0,1
15,0,0,1,12
15,0,0,2,7
15,0,0,3,32
15,0,0,4,20
15,0,0,5,5
15,0,1,0,1
15,0,1,1,10
15,0,1,2,2
15,0,1,3,23
15,0,1,4,8
15,0,1,5,0
15,0,2,0,17
15,0,2,1,7
15,0,2,2,15
15,0,2,3,381
15,0,2,4,14
15,0,2,5,3
15,0,3,0,1
15,0,3,1,9
15,0,3,2,0
15,0,3,3,2
15,0,3,4,9
15,0,3,5,1
15,1,0,0,0
15,1,0,1,0
15,1,0,2,0
15,1,0,3,0
15,1,0,4,0
15,1,0,5,0
15,1,1,0,0
15,1,1,1,1
15,1,1,2,1
15,1,1,3,0
15,1,1,4,0
15,1,1,5,0
15,1,2,0,5
15,1,2,1,64
15,1,2,2,65
15,1,2,3,84
15,1,2,4,1
15,1,2,5,0
15,1,3,0,0
15,1,3,1,0
15,1,3,2,0
15,1,3,3,0
15,1,3,4,0
15,1,3,5,0
15,2,0,0,13
15,2,0,1,9
15,2,0,2,15
15,2,0,3,2
15,2,0,4,0
15,2,0,5,13
15,2,1,0,0
15,2,1,1,13
15,2,1,2,2
15,2,1,3,10
15,2,1,4,3
15,2,1,5,0
15,2,2,0,1817
15,2,2,1,586
15,2,2,2,16
15,2,2,3,0
15,2,2,4,9
15,2,2,5,2
15,2,3,0,2
15,2,3,1,1
15,2,3,2,2
15,2,3,3,0
15,2,3,4,1
15,2,3,5,0
15,3,0,0,0
15,3,0,1,4
15,3,0,2,2
15,3,0,3,4
15,3,0,4,2
15,3,0,5,13
15,3,1,0,0
15,3,1,1,0
15,3,1,2,2
15,3,1,3,3
15,3,1,4,2
15,3,1,5,0
15,3,2,0,4
15,3,2,1,2
15,3,2,2,5
15,3,2,3,2
15,3,2,4,7
15,3,2,5,6
15,3,3,0,4
15,3,3,1,2
15,3,3,2,3
15,3,3,3,0
15,3,3,4,2
15,3,3,5,7
15,4,0,0,7
15,4,0,1,3
15,4,0,2,1
15,4,0,3,2
15,4,0,4,0
15,4,0,5,0
15,4,1,0,0
15,4,1,1,1
15,4,1,2,0
15,4,1,3,0
15,4,1,4,0
15,4,1,5,0
15,4,2,0,23
15,4,2,1,3
15,4,2,2,0
15,4,2,3,0
15,4,2,4,0
15,4,2,5,0
15,4,3,0,2
15,4,3,1,0
15,4,3,2,0
15,4,3,3,0
15,4,3,4,0
15,4,3,5,0
2,0,0,0,2
2,0,0,1,17
2,0,0,2,7
2,0,0,3,21
2,0,0,4,10
2,0,0,5,14
2,0,1,0,2
2,0,1,1,2
2,0,1,2,1
2,0,1,3,4
2,0,1,4,3
2,0,1,5,0
2,0,2,0,10
2,0,2,1,10
2,0,2,2,50
2,0,2,3,576
2,0,2,4,16
2,0,2,5,7
2,0,3,0,0
2,0,3,1,0
2,0,3,2,2
2,0,3,3,5
2,0,3,4,1
2,0,3,5,0
2,1,0,0,0
2,1,0,1,0
2,1,0,2,0
2,1,0,3,0
2,1,0,4,0
2,1,0,5,0
2,1,1,0,0
2,1,1,1,0
2,1,1,2,0
2,1,1,3,0
2,1,1,4,0
2,1,1,5,0
2,1,2,0,15
2,1,2,1,25
2,1,2,2,312
2,1,2,3,3
2,1,2,4,7
2,1,2,5,0
2,1,3,0,0
2,1,3,1,0
2,1,3,2,0
2,1,3,3,0
2,1,3,4,0
2,1,3,5,0
2,2,0,0,1
2,2,0,1,10
2,2,0,2,0
2,2,0,3,2
2,2,0,4,0
2,2,0,5,8
2,2,1,0,2
2,2,1,1,12
2,2,1,2,4
2,2,1,3,1
2,2,1,4,1
2,2,1,5,0
2,2,2,0,605
2,2,2,1,5
2,2,2,2,5
2,2,2,3,10
2,2,2,4,6
2,2,2,5,7
2,2,3,0,13
2,2,3,1,1
2,2,3,2,1
2,2,3,3,0
2,2,3,4,0
2,2,3,5,2
2,3,0,0,0
2,3,0,1,0
2,3,0,2,17
2,3,0,3,0
2,3,0,4,2
2,3,0,5,7
2,3,1,0,0
2,3,1,1,3
2,3,1,2,3
2,3,1,3,0
2,3,1,4,0
2,3,1,5,1
2,3,2,0,15
2,3,2,1,5
2,3,2,2,3
2,3,2,3,0
2,3,2,4,6
2,3,2,5,0
2,3,3,0,3
2,3,3,1,2
2,3,3,2,0
2,3,3,3,2
2,3,3,4,0
2,3,3,5,1
2,4,0,0,5
2,4,0,1,0
2,4,0,2,4
2,4,0,3,2
2,4,0,4,0
2,4,0,5,0
2,4,1,0,6
2,4,1,1,0
2,4,1,2,0
2,4,1,3,0
2,4,1,4,0
2,4,1,5,0
2,4,2,0,0
2,4,2,1,4
2,4,2,2,0
2,4,2,3,0
2,4,2,4,0
2,4,2,5,0
2,4,3,0,0
2,4,3,1,1
2,4,3,2,0
2,4,3,3,0
2,4,3,4,0
2,4,3,5,0
3,0,0,0,34
3,0,0,1,51
3,0,0,2,41
3,0,0,3,149
3,0,0,4,1293
3,0,0,5,657
3,0,1,0,1
3,0,1,1,5
3,0,1,2,3
3,0,1,3,1
3,0,1,4,12
3,0,1,5,0
3,0,2,0,1
3,0,2,1,12
3,0,2,2,1266
3,0,2,3,2187
3,0,2,4,33
3,0,2,5,4
3,0,3,0,10
3,0,3,1,2
3,0,3,2,3
3,0,3,3,2
3,0,3,4,17
3,0,3,5,4
3,1,0,0,0
3,1,0,1,0
3,1,0,2,0
3,1,0,3,0
3,1,0,4,0
3,1,0,5,0
3,1,1,0,0
3,1,1,1,0
3,1,1,2,0
3,1,1,3,0
3,1,1,4,0
3,1,1,5,0
3,1,2,0,11
3,1,2,1,1404
3,1,2,2,2155
3,1,2,3,60
3,1,2,4,1
3,1,2,5,1
3,1,3,0,0
3,1,3,1,0
3,1,3,2,0
3,1,3,3,0
3,1,3,4,0
3,1,3,5,0
3,2,0,0,3
3,2,0,1,9
3,2,0,2,2
3,2,0,3,17
3,2,0,4,4
3,2,0,5,2
3,2,1,0,7
3,2,1,1,21
3,2,1,2,4
3,2,1,3,2
3,2,1,4,33
3,2,1,5,0
3,2,2,0,2667
3,2,2,1,2030
3,2,2,2,993
3,2,2,3,4
3,2,2,4,15
3,2,2,5,5
3,2,3,0,7
3,2,3,1,2
3,2,3,2,2
3,2,3,3,1
3,2,3,4,1
3,2,3,5,0
3,3,0,0,0
3,3,0,1,32
3,3,0,2,19
3,3,0,3,7
3,3,0,4,28
3,3,0,5,12
3,3,1,0,3
3,3,1,1,0
3,3,1,2,2
3,3,1,3,6
3,3,1,4,3
3,3,1,5,0
3,3,2,0,7
3,3,2,1,6
3,3,2,2,45
3,3,2,3,8
3,3,2,4,15
3,3,2,5,9
3,3,3,0,0
3,3,3,1,5
3,3,3,2,4
3,3,3,3,5
3,3,3,4,1
3,3,3,5,1
3,4,0,0,18
3,4,0,1,25
3,4,0,2,37
3,4,0,3,44
3,4,0,4,0
3,4,0,5,0
3,4,1,0,1
3,4,1,1,14
3,4,1,2,1
3,4,1,3,0
3,4,1,4,0
3,4,1,5,0
3,4,2,0,58
3,4,2,1,5
3,4,2,2,17
3,4,2,3,19
3,4,2,4,0
3,4,2,5,0
3,4,3,0,0
3,4,3,1,1
3,4,3,2,0
3,4,3,3,0
3,4,3,4,0
3,4,3,5,0
4,0,0,0,1
4,0,0,1,2
4,0,0,2,5
4,0,0,3,10
4,0,0,4,10
4,0,0,5,0
4,0,1,0,3
4,0,1,1,2
4,0,1,2,4
4,0,1,3,0
4,0,1,4,5
4,0,1,5,0
4,0,2,0,3
4,0,2,1,1
4,0,2,2,10
4,0,2,3,248
4,0,2,4,0
4,0,2,5,10
4,0,3,0,0
4,0,3,1,1
4,0,3,2,2
4,0,3,3,0
4,0,3,4,7
4,0,3,5,0
4,1,0,0,0
4,1,0,1,0
4,1,0,2,0
4,1,0,3,0
4,1,0,4,0
4,1,0,5,0
4,1,1,0,0
4,1,1,1,0
4,1,1,2,0
4,1,1,3,0
4,1,1,4,0
4,1,1,5,0
4,1,2,0,0
4,1,2,1,5
4,1,2,2,4
4,1,2,3,4
4,1,2,4,11
4,1,2,5,0
4,1,3,0,0
4,1,3,1,0
4,1,3,2,0
4,1,3,3,0
4,1,3,4,0
4,1,3,5,0
4,2,0,0,0
4,2,0,1,2
4,2,0,2,2
4,2,0,3,7
4,2,0,4,0
4,2,0,5,1
4,2,1,0,0
4,2,1,1,4
4,2,1,2,0
4,2,1,3,0
4,2,1,4,3
4,2,1,5,0
4,2,2,0,5
4,2,2,1,2
4,2,2,2,2
4,2,2,3,0
4,2,2,4,3
4,2,2,5,2
4,2,3,0,1
4,2,3,1,1
4,2,3,2,0
4,2,3,3,1
4,2,3,4,0
4,2,3,5,0
4,3,0,0,0
4,3,0,1,0
4,3,0,2,0
4,3,0,3,1
4,3,0,4,0
4,3,0,5,0
4,3,1,0,3
4,3,1,1,0
4,3,1,2,0
4,3,1,3,0
4,3,1,4,0
4,3,1,5,0
4,3,2,0,0
4,3,2,1,0
4,3,2,2,1
4,3,2,3,1
4,3,2,4,2
4,3,2,5,2
4,3,3,0,1
4,3,3,1,0
4,3,3,2,1
4,3,3,3,0
4,3,3,4,0
4,3,3,5,0
4,4,0,0,0
4,4,0,1,0
4,4,0,2,0
4,4,0,3,0
4,4,0,4,0
4,4,0,5,0
4,4,1,0,0
4,4,1,1,0
4,4,1,2,0
4,4,1,3,0
4,4,1,4,0
4,4,1,5,0
4,4,2,0,0
4,4,2,1,0
4,4,2,2,0
4,4,2,3,0
4,4,2,4,0
4,4,2,5,0
4,4,3,0,0
4,4,3,1,0
4,4,3,2,0
4,4,3,3,0
4,4,3,4,0
4,4,3,5,0
5,0,0,0,0
5,0,0,1,6
5,0,0,2,9
5,0,0,3,1
5,0,0,4,106
5,0,0,5,22
5,0,1,0,0
5,0,1,1,1
5,0,1,2,1
5,0,1,3,4
5,0,1,4,15
5,0,1,5,0
5,0,2,0,14
5,0,2,1,1
5,0,2,2,24
5,0,2,3,804
5,0,2,4,16
5,0,2,5,12
5,0,3,0,0
5,0,3,1,0
5,0,3,2,0
5,0,3,3,3
5,0,3,4,0
5,0,3,5,2
5,1,0,0,0
5,1,0,1,0
5,1,0,2,0
5,1,0,3,0
5,1,0,4,0
5,1,0,5,0
5,1,1,0,0
5,1,1,1,0
5,1,1,2,0
5,1,1,3,0
5,1,1,4,0
5,1,1,5,0
5,1,2,0,4
5,1,2,1,39
5,1,2,2,32
5,1,2,3,20
5,1,2,4,0
5,1,2,5,1
5,1,3,0,0
5,1,3,1,0
5,1,3,2,0
5,1,3,3,0
5,1,3,4,0
5,1,3,5,0
5,2,0,0,5
5,2,0,1,2
5,2,0,2,17
5,2,0,3,12
5,2,0,4,4
5,2,0,5,6
5,2,1,0,1
5,2,1,1,3
5,2,1,2,13
5,2,1,3,2
5,2,1,4,0
5,2,1,5,0
5,2,2,0,49
5,2,2,1,4
5,2,2,2,3
5,2,2,3,33
5,2,2,4,2
5,2,2,5,1
5,2,3,0,1
5,2,3,1,0
5,2,3,2,0
5,2,3,3,1
5,2,3,4,3
5,2,3,5,0
5,3,0,0,0
5,3,0,1,1
5,3,0,2,0
5,3,0,3,0
5,3,0,4,0
5,3,0,5,1
5,3,1,0,0
5,3,1,1,3
5,3,1,2,0
5,3,1,3,1
5,3,1,4,0
5,3,1,5,0
5,3,2,0,0
5,3,2,1,1
5,3,2,2,0
5,3,2,3,0
5,3,2,4,1
5,3,2,5,1
5,3,3,0,0
5,3,3,1,0
5,3,3,2,3
5,3,3,3,0
5,3,3,4,0
5,3,3,5,0
5,4,0,0,0
5,4,0,1,0
5,4,0,2,0
5,4,0,3,2
5,4,0,4,0
5,4,0,5,0
5,4,1,0,1
5,4,1,1,0
5,4,1,2,1
5,4,1,3,0
5,4,1,4,0
5,4,1,5,0
5,4,2,0,0
5,4,2,1,0
5,4,2,2,1
5,4,2,3,0
5,4,2,4,0
5,4,2,5,0
5,4,3,0,1
5,4,3,1,0
5,4,3,2,0
5,4,3,3,0
5,4,3,4,0
5,4,3,5,0
6,0,0,0,2
6,0,0,1,5
6,0,0,2,10
6,0,0,3,68
6,0,0,4,66
6,0,0,5,20
6,0,1,0,2
6,0,1,1,3
6,0,1,2,3
6,0,1,3,1
6,0,1,4,4
6,0,1,5,0
6,0,2,0,0
6,0,2,1,67
6,0,2,2,88
6,0,2,3,985
6,0,2,4,6
6,0,2,5,8
6,0,3,0,1
6,0,3,1,1
6,0,3,2,2
6,0,3,3,1
6,0,3,4,2
6,0,3,5,0
6,1,0,0,0
6,1,0,1,0
6,1,0,2,0
6,1,0,3,0
6,1,0,4,0
6,1,0,5,0
6,1,1,0,0
6,1,1,1,0
6,1,1,2,0
6,1,1,3,0
6,1,1,4,0
6,1,1,5,0
6,1,2,0,2
6,1,2,1,5
6,1,2,2,2
6,1,2,3,2
6,1,2,4,0
6,1,2,5,0
6,1,3,0,0
6,1,3,1,0
6,1,3,2,0
6,1,3,3,0
6,1,3,4,0
6,1,3,5,0
6,2,0,0,2
6,2,0,1,0
6,2,0,2,1
6,2,0,3,5
6,2,0,4,2
6,2,0,5,5
6,2,1,0,24
6,2,1,1,3
6,2,1,2,10
6,2,1,3,2
6,2,1,4,2
6,2,1,5,0
6,2,2,0,7
6,2,2,1,1
6,2,2,2,11
6,2,2,3,0
6,2,2,4,0
6,2,2,5,2
6,2,3,0,1
6,2,3,1,0
6,2,3,2,0
6,2,3,3,1
6,2,3,4,0
6,2,3,5,1
6,3,0,0,0
6,3,0,1,0
6,3,0,2,0
6,3,0,3,0
6,3,0,4,0
6,3,0,5,0
6,3,1,0,0
6,3,1,1,0
6,3,1,2,0
6,3,1,3,0
6,3,1,4,0
6,3,1,5,0
6,3,2,0,0
6,3,2,1,0
6,3,2,2,0
6,3,2,3,0
6,3,2,4,0
6,3,2,5,0
6,3,3,0,0
6,3,3,1,0
6,3,3,2,0
6,3,3,3,0
6,3,3,4,0
6,3,3,5,0
6,4,0,0,0
6,4,0,1,0
6,4,0,2,0
6,4,0,3,0
6,4,0,4,0
6,4,0,5,0
6,4,1,0,0
6,4,1,1,0
6,4,1,2,0
6,4,1,3,0
6,4,1,4,0
6,4,1,5,0
6,4,2,0,0
6,4,2,1,0
6,4,2,2,0
6,4,2,3,0
6,4,2,4,0
6,4,2,5,0
6,4,3,0,0
6,4,3,1,0
6,4,3,2,0
6,4,3,3,0
6,4,3,4,0
6,4,3,5,0
7,0,0,0,2
7,0,0,1,1
7,0,0,2,34
7,0,0,3,20
7,0,0,4,663
7,0,0,5,182
7,0,1,0,4
7,0,1,1,5
7,0,1,2,0
7,0,1,3,3
7,0,1,4,1
7,0,1,5,1
7,0,2,0,2
7,0,2,1,12
7,0,2,2,496
7,0,2,3,1850
7,0,2,4,12
7,0,2,5,17
7,0,3,0,1
7,0,3,1,1
7,0,3,2,5
7,0,3,3,1
7,0,3,4,7
7,0,3,5,3
7,1,0,0,0
7,1,0,1,0
7,1,0,2,0
7,1,0,3,0
7,1,0,4,0
7,1,0,5,0
7,1,1,0,0
7,1,1,1,1
7,1,1,2,0
7,1,1,3,0
7,1,1,4,0
7,1,1,5,0
7,1,2,0,24
7,1,2,1,39
7,1,2,2,2
7,1,2,3,91
7,1,2,4,1
7,1,2,5,3
7,1,3,0,0
7,1,3,1,0
7,1,3,2,0
7,1,3,3,0
7,1,3,4,0
7,1,3,5,0
7,2,0,0,3
7,2,0,1,6
7,2,0,2,9
7,2,0,3,2
7,2,0,4,7
7,2,0,5,4
7,2,1,0,6
7,2,1,1,12
7,2,1,2,9
7,2,1,3,5
7,2,1,4,0
7,2,1,5,1
7,2,2,0,419
7,2,2,1,14
7,2,2,2,4
7,2,2,3,17
7,2,2,4,8
7,2,2,5,1
7,2,3,0,1
7,2,3,1,3
7,2,3,2,0
7,2,3,3,1
7,2,3,4,0
7,2,3,5,0
7,3,0,0,0
7,3,0,1,0
7,3,0,2,0
7,3,0,3,5
7,3,0,4,0
7,3,0,5,1
7,3,1,0,0
7,3,1,1,0
7,3,1,2,1
7,3,1,3,0
7,3,1,4,0
7,3,1,5,0
7,3,2,0,1
7,3,2,1,5
7,3,2,2,2
7,3,2,3,5
7,3,2,4,5
7,3,2,5,2
7,3,3,0,0
7,3,3,1,5
7,3,3,2,3
7,3,3,3,0
7,3,3,4,0
7,3,3,5,1
7,4,0,0,0
7,4,0,1,0
7,4,0,2,0
7,4,0,3,4
7,4,0,4,0
7,4,0,5,0
7,4,1,0,0
7,4,1,1,0
7,4,1,2,0
7,4,1,3,0
7,4,1,4,0
7,4,1,5,0
7,4,2,0,1
7,4,2,1,1
7,4,2,2,0
7,4,2,3,0
7,4,2,4,0
7,4,2,5,0
7,4,3,0,1
7,4,3,1,1
7,4,3,2,0
7,4,3,3,0
7,4,3,4,0
7,4,3,5,0
8,0,0,0,5
8,0,0,1,12
8,0,0,2,21
8,0,0,3,738
8,0,0,4,1785
8,0,0,5,1093
8,0,1,0,0
8,0,1,1,4
8,0,1,2,8
8,0,1,3,23
8,0,1,4,9
8,0,1,5,2
8,0,2,0,4
8,0,2,1,26
8,0,2,2,1840
8,0,2,3,2546
8,0,2,4,8
8,0,2,5,17
8,0,3,0,2
8,0,3,1,1
8,0,3,2,7
8,0,3,3,7
8,0,3,4,0
8,0,3,5,0
8,1,0,0,0
8,1,0,1,0
8,1,0,2,0
8,1,0,3,0
8,1,0,4,0
8,1,0,5,0
8,1,1,0,0
8,1,1,1,0
8,1,1,2,1
8,1,1,3,0
8,1,1,4,0
8,1,1,5,0
8,1,2,0,19
8,1,2,1,1614
8,1,2,2,3058
8,1,2,3,666
8,1,2,4,3
8,1,2,5,2
8,1,3,0,0
8,1,3,1,0
8,1,3,2,0
8,1,3,3,0
8,1,3,4,0
8,1,3,5,0
8,2,0,0,55
8,2,0,1,760
8,2,0,2,691
8,2,0,3,782
8,2,0,4,457
8,2,0,5,34
8,2,1,0,355
8,2,1,1,482
8,2,1,2,265
8,2,1,3,94
8,2,1,4,1
8,2,1,5,0
8,2,2,0,16509
8,2,2,1,15342
8,2,2,2,13948
8,2,2,3,9344
8,2,2,4,582
8,2,2,5,99
8,2,3,0,2
8,2,3,1,34
8,2,3,2,2
8,2,3,3,0
8,2,3,4,0
8,2,3,5,1
8,3,0,0,2
8,3,0,1,11
8,3,0,2,11
8,3,0,3,17
8,3,0,4,19
8,3,0,5,8
8,3,1,0,0
8,3,1,1,0
8,3,1,2,1
8,3,1,3,3
8,3,1,4,1
8,3,1,5,1
8,3,2,0,602
8,3,2,1,876
8,3,2,2,797
8,3,2,3,846
8,3,2,4,23
8,3,2,5,0
8,3,3,0,0
8,3,3,1,3
8,3,3,2,1
8,3,3,3,7
8,3,3,4,1
8,3,3,5,1
8,4,0,0,58
8,4,0,1,39
8,4,0,2,62
8,4,0,3,69
8,4,0,4,0
8,4,0,5,0
8,4,1,0,2
8,4,1,1,2
8,4,1,2,0
8,4,1,3,0
8,4,1,4,0
8,4,1,5,0
8,4,2,0,142
8,4,2,1,192
8,4,2,2,81
8,4,2,3,102
8,4,2,4,0
8,4,2,5,0
8,4,3,0,2
8,4,3,1,0
8,4,3,2,1
8,4,3,3,0
8,4,3,4,0
8,4,3,5,0
9,0,0,0,9
9,0,0,1,40
9,0,0,2,1
9,0,0,3,2
9,0,0,4,28
9,0,0,5,8
9,0,1,0,0
9,0,1,1,1
9,0,1,2,21
9,0,1,3,9
9,0,1,4,0
9,0,1,5,0
9,0,2,0,6
9,0,2,1,5
9,0,2,2,6
9,0,2,3,153
9,0,2,4,9
9,0,2,5,10
9,0,3,0,0
9,0,3,1,1
9,0,3,2,9
9,0,3,3,4
9,0,3,4,1
9,0,3,5,7
9,1,0,0,0
9,1,0,1,0
9,1,0,2,0
9,1,0,3,0
9,1,0,4,0
9,1,0,5,0
9,1,1,0,0
9,1,1,1,0
9,1,1,2,0
9,1,1,3,0
9,1,1,4,0
9,1,1,5,0
9,1,2,0,31
9,1,2,1,34
9,1,2,2,3
9,1,2,3,0
9,1,2,4,0
9,1,2,5,0
9,1,3,0,0
9,1,3,1,0
9,1,3,2,0
9,1,3,3,0
9,1,3,4,0
9,1,3,5,0
9,2,0,0,11
9,2,0,1,2
9,2,0,2,2
9,2,0,3,11
9,2,0,4,2
9,2,0,5,1
9,2,1,0,6
9,2,1,1,4
9,2,1,2,0
9,2,1,3,3
9,2,1,4,0
9,2,1,5,1
9,2,2,0,1
9,2,2,1,7
9,2,2,2,23
9,2,2,3,0
9,2,2,4,2
9,2,2,5,12
9,2,3,0,0
9,2,3,1,4
9,2,3,2,1
9,2,3,3,0
9,2,3,4,1
9,2,3,5,0
9,3,0,0,0
9,3,0,1,0
9,3,0,2,0
9,3,0,3,0
9,3,0,4,1
9,3,0,5,1
9,3,1,0,0
9,3,1,1,0
9,3,1,2,0
9,3,1,3,0
9,3,1,4,0
9,3,1,5,0
9,3,2,0,0
9,3,2,1,1
9,3,2,2,0
9,3,2,3,0
9,3,2,4,0
9,3,2,5,0
9,3,3,0,0
9,3,3,1,1
9,3,3,2,1
9,3,3,3,1
9,3,3,4,0
9,3,3,5,0
9,4,0,0,1
9,4,0,1,0
9,4,0,2,0
9,4,0,3,0
9,4,0,4,0
9,4,0,5,0
9,4,1,0,2
9,4,1,1,1
9,4,1,2,0
9,4,1,3,0
9,4,1,4,0
9,4,1,5,0
9,4,2,0,0
9,4,2,1,0
9,4,2,2,0
9,4,2,3,2
9,4,2,4,0
9,4,2,5,0
9,4,3,0,0
9,4,3,1,0
9,4,3,2,1
9,4,3,3,0
9,4,3,4,0
9,4,3,5,0
